{"loss": 7.92898022952439e-05, "_timestamp": 1718068900.3100634, "_runtime": 96.21213030815125, "_step": 334, "_wandb": {"runtime": 95}}