{"loss": NaN, "_timestamp": 1718061116.5224547, "_runtime": 262.2697377204895, "_step": 999, "_wandb": {"runtime": 261}}