{"loss": 0.00014537418176911084, "grad_norm": 0.03893099781071444, "_timestamp": 1718069802.1851032, "_runtime": 120.17429828643799, "_step": 429, "_wandb": {"runtime": 120}}