{"loss": 1.1030955947727907e-06, "_timestamp": 1718059210.4085524, "_runtime": 54.05017137527466, "_step": 186, "_wandb": {"runtime": 52}}