{"loss": 1.030079079374108e-06, "grad_norm": 0.0011482126056318407, "_timestamp": 1718069876.164988, "_runtime": 62.56123614311218, "_step": 218, "_wandb": {"runtime": 62}}