{"loss": 2.1130434642109077, "grad_norm": 1.044881156148671, "_timestamp": 1718070397.0942817, "_runtime": 7.859180688858032, "_step": 9, "_wandb": {"runtime": 6}}