{"loss": 0.3423356835420476, "grad_norm": 1.160536298799018, "_timestamp": 1718117964.0634544, "_runtime": 8.134540319442749, "_step": 9, "_wandb": {"runtime": 6}}