{"loss": NaN, "grad_norm": NaN, "_timestamp": 1718070284.5113113, "_runtime": 62.09583234786987, "_step": 208, "_wandb": {"runtime": 61}}