{"loss": 1.0124010344106765e-06, "_timestamp": 1718059724.5460281, "_runtime": 61.15214419364929, "_step": 213, "_wandb": {"runtime": 60}}