{"loss": NaN, "grad_norm": NaN, "_timestamp": 1718070113.7348979, "_runtime": 48.534584760665894, "_step": 161, "_wandb": {"runtime": 47}}