{"loss": 0.22527249216493161, "grad_norm": 1.6759203748211908, "_timestamp": 1718117931.1336534, "_runtime": 8.03957748413086, "_step": 9, "_wandb": {"runtime": 6}}