{"loss": 0.00016508845054796968, "_timestamp": 1718069455.7057877, "_runtime": 272.5963616371155, "_step": 999, "_wandb": {"runtime": 272}}