{"loss": 1.0043650645352985e-06, "_timestamp": 1718068800.1975253, "_runtime": 39.32811427116394, "_step": 218, "_wandb": {"runtime": 39}}