{"loss": 1.247217090520855, "_timestamp": 1718060850.1773937, "_runtime": 267.1512665748596, "_step": 999, "_wandb": {"runtime": 265}}