{"loss": 0.0009991813031906484, "_timestamp": 1718059593.00139, "_runtime": 268.902960062027, "_step": 999, "_wandb": {"runtime": 267}}