{"loss": 1.655567483946189, "_timestamp": 1718060303.843217, "_runtime": 271.03350281715393, "_step": 999, "_wandb": {"runtime": 269}}