{"loss": 1.0711494875764612e-06, "grad_norm": 0.0011348928861426215, "_timestamp": 1718070061.3582723, "_runtime": 83.14924120903015, "_step": 291, "_wandb": {"runtime": 82}}