{"loss": 1.136480433566681e-06, "_timestamp": 1718059269.4343047, "_runtime": 55.165146827697754, "_step": 190, "_wandb": {"runtime": 54}}