{"loss": 0.4165968320138314, "grad_norm": 2.0263078781785113, "_timestamp": 1718118000.164672, "_runtime": 8.153465986251831, "_step": 9, "_wandb": {"runtime": 6}}