{"loss": 0.4332156483369258, "grad_norm": 2.017217136547074, "_timestamp": 1718117942.111877, "_runtime": 8.157620906829834, "_step": 9, "_wandb": {"runtime": 6}}