{"loss": 2.2217662411599406, "grad_norm": 0.8417247872195678, "_timestamp": 1718070407.9575987, "_runtime": 7.755731582641602, "_step": 9, "_wandb": {"runtime": 6}}