{"loss": 2.1394777403423095, "grad_norm": 0.9265637906555287, "_timestamp": 1718070374.9892907, "_runtime": 7.6941328048706055, "_step": 9, "_wandb": {"runtime": 6}}