{"loss": NaN, "_timestamp": 1718061399.546137, "_runtime": 275.95481419563293, "_step": 999, "_wandb": {"runtime": 274}}