{"loss": NaN, "_timestamp": 1718068726.4903595, "_runtime": 148.6695716381073, "_step": 905, "_wandb": {"runtime": 148}}