{"loss": NaN, "_timestamp": 1718068750.336292, "_runtime": 12.817486047744751, "_step": 49, "_wandb": {"runtime": 12}}