{"loss": 2.14650422879303, "grad_norm": 0.9134576489446944, "_timestamp": 1718070419.0647383, "_runtime": 7.688902378082275, "_step": 9, "_wandb": {"runtime": 6}}