{"loss": 1.0382645647558978e-06, "_timestamp": 1718059150.5751286, "_runtime": 43.299153566360474, "_step": 214, "_wandb": {"runtime": 43}}