{"loss": 2.1477976797037095, "grad_norm": 0.9086719389180179, "_timestamp": 1718070364.6766024, "_runtime": 7.547125339508057, "_step": 9, "_wandb": {"runtime": 7}}