{"loss": 2.2002508241198737, "grad_norm": 0.8334739733651036, "_timestamp": 1718070463.1896653, "_runtime": 7.727249383926392, "_step": 9, "_wandb": {"runtime": 6}}