{"loss": 1.0760633496415227e-06, "grad_norm": 0.001182291893634382, "_timestamp": 1718069974.9708862, "_runtime": 80.05939722061157, "_step": 280, "_wandb": {"runtime": 79}}