{"loss": 1.2942396381135999e-06, "_timestamp": 1718059319.6988614, "_runtime": 47.482075452804565, "_step": 162, "_wandb": {"runtime": 46}}