{"loss": 1.0057270588910743e-06, "grad_norm": 0.0011062750397269254, "_timestamp": 1718070217.3715005, "_runtime": 65.30390858650208, "_step": 229, "_wandb": {"runtime": 64}}