{"loss": 1.0449792879507162e-06, "_timestamp": 1718069526.0957618, "_runtime": 66.49434781074524, "_step": 226, "_wandb": {"runtime": 65}}