{"loss": 0.6221230762756528, "grad_norm": 2.1026060219941245, "_timestamp": 1718117953.0662084, "_runtime": 8.169785261154175, "_step": 9, "_wandb": {"runtime": 6}}