{"loss": 1.0534694719697802e-06, "_timestamp": 1718059794.138745, "_runtime": 65.60780811309814, "_step": 231, "_wandb": {"runtime": 64}}