{"loss": 2.22057315313581, "grad_norm": 0.8872588323308913, "_timestamp": 1718070485.2611341, "_runtime": 7.774596214294434, "_step": 9, "_wandb": {"runtime": 6}}