{"loss": 0.4571571786277902, "grad_norm": 1.6830121220581657, "_timestamp": 1718117975.403157, "_runtime": 8.221242904663086, "_step": 9, "_wandb": {"runtime": 7}}