{"loss": NaN, "grad_norm": NaN, "_timestamp": 1718117986.6767673, "_runtime": 8.505066394805908, "_step": 9, "_wandb": {"runtime": 7}}