{"loss": 2.2867455171422444, "grad_norm": 0.7189918129184203, "_timestamp": 1718070452.1785455, "_runtime": 7.764921426773071, "_step": 9, "_wandb": {"runtime": 6}}