{"loss": 2.1647086137697387, "grad_norm": 0.9030055517885228, "_timestamp": 1718070441.162825, "_runtime": 7.748028039932251, "_step": 9, "_wandb": {"runtime": 6}}