{"loss": 1.0343244737871693e-06, "_timestamp": 1718059659.420655, "_runtime": 63.051734924316406, "_step": 213, "_wandb": {"runtime": 61}}