{"loss": 2.4416057277467753, "_timestamp": 1718060579.3931322, "_runtime": 267.5425672531128, "_step": 999, "_wandb": {"runtime": 266}}