{"loss": 2.2198137665382887, "grad_norm": 0.815173135951713, "_timestamp": 1718070430.3957903, "_runtime": 8.09217643737793, "_step": 9, "_wandb": {"runtime": 6}}