{"loss": 2.1438573100943854, "grad_norm": 0.9183218523234724, "_timestamp": 1718070385.9751856, "_runtime": 7.700572729110718, "_step": 9, "_wandb": {"runtime": 6}}