{"loss": NaN, "_timestamp": 1718061678.0447507, "_runtime": 273.2748007774353, "_step": 999, "_wandb": {"runtime": 272}}