{"loss": 2.239388900000733, "grad_norm": 0.820229651820795, "_timestamp": 1718070474.2633276, "_runtime": 7.769415616989136, "_step": 9, "_wandb": {"runtime": 6}}