{"loss": 30235.04504521481, "grad_norm": 7122.242309380066, "_timestamp": 1718117857.011779, "_runtime": 6.148514986038208, "_step": 1, "_wandb": {"runtime": 5}}