{"loss": 1.0112454073879545e-06, "_timestamp": 1718060027.968831, "_runtime": 39.21235513687134, "_step": 219, "_wandb": {"runtime": 38}}