{"loss": 1.0321302956031331e-06, "_timestamp": 1718059858.6656468, "_runtime": 60.98431181907654, "_step": 210, "_wandb": {"runtime": 59}}