{"loss": 0.2715484757672971, "grad_norm": 1.686612637470418, "_timestamp": 1718117919.6041043, "_runtime": 7.75374436378479, "_step": 9, "_wandb": {"runtime": 7}}